tanda,slug,nombre,provincia,poblacion,tipo,distancia_taller
1,l-hospitalet-de-llobregat,L'Hospitalet de Llobregat,Barcelona,289510,municipio,muy cerca (<15 km)
1,santa-coloma-de-gramenet,Santa Coloma de Gramenet,Barcelona,123981,municipio,cerca (15-40 km)
1,alcobendas,Alcobendas,Madrid,123342,municipio,muy cerca (<15 km)
1,sant-cugat-del-valles,Sant Cugat del Vallès,Barcelona,97983,municipio,cerca (15-40 km)
1,rubi,Rubí,Barcelona,82823,municipio,cerca (15-40 km)
1,manresa,Manresa,Barcelona,80974,municipio,media distancia (40-80 km)
1,coslada,Coslada,Madrid,80512,municipio,cerca (15-40 km)
1,granollers,Granollers,Barcelona,65341,municipio,media distancia (40-80 km)
1,mollet-del-valles,Mollet del Vallès,Barcelona,52990,municipio,cerca (15-40 km)
1,esplugues-de-llobregat,Esplugues de Llobregat,Barcelona,48221,municipio,muy cerca (<15 km)
1,sant-feliu-de-llobregat,Sant Feliu de Llobregat,Barcelona,46781,municipio,muy cerca (<15 km)
1,igualada,Igualada,Barcelona,42085,municipio,media distancia (40-80 km)
1,san-fernando-de-henares,San Fernando de Henares,Madrid,39059,municipio,cerca (15-40 km)
1,montcada-i-reixac,Montcada i Reixac,Barcelona,37460,municipio,cerca (15-40 km)
1,sant-joan-despi,Sant Joan Despí,Barcelona,35926,municipio,muy cerca (<15 km)
2,barbera-del-valles,Barberà del Vallès,Barcelona,33987,municipio,cerca (15-40 km)
2,sant-pere-de-ribes,Sant Pere de Ribes,Barcelona,32705,municipio,cerca (15-40 km)
2,villaviciosa-de-odon,Villaviciosa de Odón,Madrid,30127,municipio,media distancia (40-80 km)
2,premia-de-mar,Premià de Mar,Barcelona,29431,municipio,cerca (15-40 km)
2,martorell,Martorell,Barcelona,29175,municipio,cerca (15-40 km)
2,sant-vicenc-dels-horts,Sant Vicenç dels Horts,Barcelona,28746,municipio,muy cerca (<15 km)
2,molins-de-rei,Molins de Rei,Barcelona,27300,municipio,muy cerca (<15 km)
2,castellar-del-valles,Castellar del Vallès,Barcelona,25422,municipio,media distancia (40-80 km)
2,mejorada-del-campo,Mejorada del Campo,Madrid,25049,municipio,cerca (15-40 km)
2,el-masnou,El Masnou,Barcelona,24761,municipio,cerca (15-40 km)
2,vilassar-de-mar,Vilassar de Mar,Barcelona,21227,municipio,media distancia (40-80 km)
2,san-martin-de-la-vega,San Martín de la Vega,Madrid,21010,municipio,media distancia (40-80 km)
2,les-franqueses-del-valles,les Franqueses del Vallès,Barcelona,20881,municipio,media distancia (40-80 km)
2,utebo,Utebo,Zaragoza,19116,municipio,sin taller con dirección
2,villalbilla,Villalbilla,Madrid,18687,municipio,cerca (15-40 km)
3,caldes-de-montbui,Caldes de Montbui,Barcelona,18567,municipio,media distancia (40-80 km)
3,cubelles,Cubelles,Barcelona,17673,municipio,media distancia (40-80 km)
3,ejea-de-los-caballeros,Ejea de los Caballeros,Zaragoza,17129,municipio,sin taller con dirección
3,montornes-del-valles,Montornès del Vallès,Barcelona,17102,municipio,cerca (15-40 km)
3,cunit,Cunit,Tarragona,16385,municipio,media distancia (40-80 km)
3,vallirana,Vallirana,Barcelona,16245,municipio,cerca (15-40 km)
3,corbera-de-llobregat,Corbera de Llobregat,Barcelona,16010,municipio,cerca (15-40 km)
3,torello,Torelló,Barcelona,15334,municipio,lejos (80+ km)
3,la-llagosta,La Llagosta,Barcelona,13280,municipio,cerca (15-40 km)
3,sant-sadurni-d-anoia,Sant Sadurní d'Anoia,Barcelona,12911,municipio,cerca (15-40 km)
3,argentona,Argentona,Barcelona,12891,municipio,media distancia (40-80 km)
3,montgat,Montgat,Barcelona,12879,municipio,cerca (15-40 km)
3,palleja,Pallejà,Barcelona,12006,municipio,muy cerca (<15 km)
3,la-roca-del-valles,La Roca del Vallès,Barcelona,11014,municipio,media distancia (40-80 km)
3,llinars-del-valles,Llinars del Vallès,Barcelona,10956,municipio,media distancia (40-80 km)
4,tarazona,Tarazona,Zaragoza,10873,municipio,sin taller con dirección
4,grinon,Griñón,Madrid,10799,municipio,media distancia (40-80 km)
4,torrejon-de-la-calzada,Torrejón de la Calzada,Madrid,10653,municipio,media distancia (40-80 km)
4,caspe,Caspe,Zaragoza,10365,municipio,sin taller con dirección
4,alella,Alella,Barcelona,10262,municipio,cerca (15-40 km)
4,bigues-i-riells,Bigues i Riells,Barcelona,10139,municipio,media distancia (40-80 km)
4,santa-maria-de-palautordera,Santa Maria de Palautordera,Barcelona,10080,municipio,media distancia (40-80 km)
4,matadepera,Matadepera,Barcelona,9776,municipio,media distancia (40-80 km)
4,cervello,Cervelló,Barcelona,9743,municipio,cerca (15-40 km)
4,arenys-de-munt,Arenys de Munt,Barcelona,9558,municipio,media distancia (40-80 km)
4,l-ametlla-del-valles,l'Ametlla del Vallès,Barcelona,9474,municipio,media distancia (40-80 km)
4,sant-fost-de-campsentelles,Sant Fost de Campsentelles,Barcelona,9419,municipio,cerca (15-40 km)
4,vilassar-de-dalt,Vilassar de Dalt,Barcelona,9404,municipio,media distancia (40-80 km)
4,tiana,Tiana,Barcelona,9331,municipio,cerca (15-40 km)
4,loeches,Loeches,Madrid,9261,municipio,media distancia (40-80 km)
5,zuera,Zuera,Zaragoza,8766,municipio,sin taller con dirección
5,morata-de-tajuna,Morata de Tajuña,Madrid,8397,municipio,media distancia (40-80 km)
5,santa-coloma-de-cervello,Santa Coloma de Cervelló,Barcelona,8273,municipio,muy cerca (<15 km)
5,vacarisses,Vacarisses,Barcelona,7729,municipio,media distancia (40-80 km)
5,begues,Begues,Barcelona,7561,municipio,cerca (15-40 km)
5,nuevo-baztan,Nuevo Baztán,Madrid,7429,municipio,media distancia (40-80 km)
5,fuente-el-saz-de-jarama,Fuente el Saz de Jarama,Madrid,7413,municipio,cerca (15-40 km)
5,sallent,Sallent,Barcelona,7030,municipio,media distancia (40-80 km)
5,campo-real,Campo Real,Madrid,6974,municipio,media distancia (40-80 km)
5,roda-de-ter,Roda de Ter,Barcelona,6937,municipio,lejos (80+ km)
5,tauste,Tauste,Zaragoza,6838,municipio,sin taller con dirección
5,sant-vicenc-de-montalt,Sant Vicenç de Montalt,Barcelona,6802,municipio,media distancia (40-80 km)
5,muela-la,"Muela, La",Zaragoza,6737,municipio,sin taller con dirección
5,villanueva-de-la-torre,Villanueva de la Torre,Guadalajara,6666,municipio,media distancia (40-80 km)
5,dosrius,Dosrius,Barcelona,6287,municipio,media distancia (40-80 km)
6,suria,Súria,Barcelona,6200,municipio,media distancia (40-80 km)
6,torrelles-de-llobregat,Torrelles de Llobregat,Barcelona,6170,municipio,muy cerca (<15 km)
6,ugena,Ugena,Toledo,5988,municipio,media distancia (40-80 km)
6,sant-pol-de-mar,Sant Pol de Mar,Barcelona,5793,municipio,media distancia (40-80 km)
6,l-arboc,l'Arboç,Tarragona,5721,municipio,media distancia (40-80 km)
6,vilanova-del-valles,Vilanova del Vallès,Barcelona,5693,municipio,media distancia (40-80 km)
6,borja,Borja,Zaragoza,5202,municipio,sin taller con dirección
6,valdetorres-de-jarama,Valdetorres de Jarama,Madrid,5175,municipio,cerca (15-40 km)
6,gironella,Gironella,Barcelona,5083,municipio,lejos (80+ km)
6,torrejon-de-velasco,Torrejón de Velasco,Madrid,4900,municipio,media distancia (40-80 km)
6,collbato,Collbató,Barcelona,4828,municipio,cerca (15-40 km)
6,serranillos-del-valle,Serranillos del Valle,Madrid,4670,municipio,media distancia (40-80 km)
6,cardona,Cardona,Barcelona,4553,municipio,lejos (80+ km)
6,el-papiol,el Papiol,Barcelona,4404,municipio,muy cerca (<15 km)
6,el-pont-de-vilomara-i-rocafort,el Pont de Vilomara i Rocafort,Barcelona,4193,municipio,media distancia (40-80 km)
7,sant-climent-de-llobregat,Sant Climent de Llobregat,Barcelona,4187,municipio,muy cerca (<15 km)
7,santa-susanna,Santa Susanna,Barcelona,4099,municipio,media distancia (40-80 km)
7,quijorna,Quijorna,Madrid,4044,municipio,media distancia (40-80 km)
7,sant-cebria-de-vallalta,Sant Cebrià de Vallalta,Barcelona,3872,municipio,media distancia (40-80 km)
7,odena,Òdena,Barcelona,3760,municipio,media distancia (40-80 km)
7,santa-oliva,Santa Oliva,Tarragona,3711,municipio,media distancia (40-80 km)
7,calaf,Calaf,Barcelona,3644,municipio,media distancia (40-80 km)
7,caldes-d-estrac,Caldes d'Estrac,Barcelona,3356,municipio,media distancia (40-80 km)
7,sant-julia-de-vilatorta,Sant Julià de Vilatorta,Barcelona,3323,municipio,lejos (80+ km)
7,valdilecha,Valdilecha,Madrid,3289,municipio,media distancia (40-80 km)
7,monistrol-de-montserrat,Monistrol de Montserrat,Barcelona,3250,municipio,media distancia (40-80 km)
7,sant-esteve-de-palautordera,Sant Esteve de Palautordera,Barcelona,3099,municipio,media distancia (40-80 km)
7,tielmes,Tielmes,Madrid,2964,municipio,media distancia (40-80 km)
7,santos-de-la-humosa-los,Los Santos de la Humosa,Madrid,2867,municipio,media distancia (40-80 km)
7,galapagos,Galápagos,Guadalajara,2802,municipio,media distancia (40-80 km)
8,torrelles-de-foix,Torrelles de Foix,Barcelona,2746,municipio,media distancia (40-80 km)
8,gurb,Gurb,Barcelona,2741,municipio,lejos (80+ km)
8,calldetenes,Calldetenes,Barcelona,2733,municipio,lejos (80+ km)
8,albinyana,Albinyana,Tarragona,2718,municipio,media distancia (40-80 km)
8,sant-llorenc-savall,Sant Llorenç Savall,Barcelona,2587,municipio,media distancia (40-80 km)
8,sant-quinti-de-mediona,Sant Quintí de Mediona,Barcelona,2580,municipio,media distancia (40-80 km)
8,fresno-de-torote,Fresno de Torote,Madrid,2561,municipio,cerca (15-40 km)
8,bellvei,Bellvei,Tarragona,2460,municipio,media distancia (40-80 km)
8,castellgali,Castellgalí,Barcelona,2413,municipio,media distancia (40-80 km)
8,santa-eugenia-de-berga,Santa Eugènia de Berga,Barcelona,2348,municipio,lejos (80+ km)
8,avinyo,Avinyó,Barcelona,2322,municipio,lejos (80+ km)
8,folgueroles,Folgueroles,Barcelona,2262,municipio,lejos (80+ km)
8,baga,Bagà,Barcelona,2161,municipio,lejos (80+ km)
8,batres,Batres,Madrid,1976,municipio,media distancia (40-80 km)
8,valdeavero,Valdeavero,Madrid,1896,municipio,media distancia (40-80 km)
9,cabrera-d-anoia,Cabrera d'Anoia,Barcelona,1772,municipio,media distancia (40-80 km)
9,gualba,Gualba,Barcelona,1766,municipio,media distancia (40-80 km)
9,castellvi-de-la-marca,Castellví de la Marca,Barcelona,1721,municipio,media distancia (40-80 km)
9,villanueva-de-perales,Villanueva de Perales,Madrid,1715,municipio,media distancia (40-80 km)
9,fogars-de-la-selva,Fogars de la Selva,Barcelona,1704,municipio,media distancia (40-80 km)
9,casserres,Casserres,Barcelona,1660,municipio,lejos (80+ km)
9,torrelavit,Torrelavit,Barcelona,1572,municipio,media distancia (40-80 km)
9,orusco-de-tajuna,Orusco de Tajuña,Madrid,1531,municipio,media distancia (40-80 km)
9,santa-eulalia-de-riuprimer,Santa Eulàlia de Riuprimer,Barcelona,1516,municipio,lejos (80+ km)
9,font-rubi,Font-rubí,Barcelona,1441,municipio,media distancia (40-80 km)
9,tortola-de-henares,Tórtola de Henares,Guadalajara,1439,municipio,media distancia (40-80 km)
9,vallbona-d-anoia,Vallbona d'Anoia,Barcelona,1424,municipio,media distancia (40-80 km)
9,anchuelo,Anchuelo,Madrid,1414,municipio,media distancia (40-80 km)
9,el-pla-del-penedes,el Pla del Penedès,Barcelona,1393,municipio,media distancia (40-80 km)
9,titulcia,Titulcia,Madrid,1389,municipio,media distancia (40-80 km)
10,pozuelo-del-rey,Pozuelo del Rey,Madrid,1302,municipio,media distancia (40-80 km)
10,cercs,Cercs,Barcelona,1236,municipio,lejos (80+ km)
10,olost,Olost,Barcelona,1209,municipio,lejos (80+ km)
10,montesquiu,Montesquiu,Barcelona,1131,municipio,lejos (80+ km)
10,calders,Calders,Barcelona,1122,municipio,media distancia (40-80 km)
10,santa-maria-d-olo,Santa Maria d'Oló,Barcelona,1099,municipio,lejos (80+ km)
10,quer,Quer,Guadalajara,1080,municipio,media distancia (40-80 km)
10,santorcaz,Santorcaz,Madrid,1011,municipio,media distancia (40-80 km)
10,rellinars,Rellinars,Barcelona,926,municipio,media distancia (40-80 km)
10,ribatejada,Ribatejada,Madrid,905,municipio,cerca (15-40 km)
10,santa-maria-de-martorelles,Santa Maria de Martorelles,Barcelona,868,municipio,cerca (15-40 km)
10,jorba,Jorba,Barcelona,850,municipio,media distancia (40-80 km)
10,carme,Carme,Barcelona,847,municipio,media distancia (40-80 km)
10,orrius,Òrrius,Barcelona,812,municipio,media distancia (40-80 km)
10,castellcir,Castellcir,Barcelona,804,municipio,media distancia (40-80 km)
11,monistrol-de-calders,Monistrol de Calders,Barcelona,764,municipio,media distancia (40-80 km)
11,les-masies-de-roda,les Masies de Roda,Barcelona,758,municipio,lejos (80+ km)
11,ambite,Ambite,Madrid,732,municipio,media distancia (40-80 km)
11,muntanyola,Muntanyola,Barcelona,697,municipio,lejos (80+ km)
11,puigdalber,Puigdàlber,Barcelona,621,municipio,media distancia (40-80 km)
11,rajadell,Rajadell,Barcelona,597,municipio,media distancia (40-80 km)
11,campins,Campins,Barcelona,586,municipio,media distancia (40-80 km)
11,valverde-de-alcala,Valverde de Alcalá,Madrid,565,municipio,media distancia (40-80 km)
11,orista,Oristà,Barcelona,555,municipio,lejos (80+ km)
11,fogars-de-montclus,Fogars de Montclús,Barcelona,494,municipio,media distancia (40-80 km)
11,borreda,Borredà,Barcelona,433,municipio,lejos (80+ km)
11,perafita,Perafita,Barcelona,433,municipio,lejos (80+ km)
11,olmeda-de-las-fuentes,Olmeda de las Fuentes,Madrid,429,municipio,media distancia (40-80 km)
11,gargantilla-del-lozoya-y-pinilla-de-buitrago,Gargantilla del Lozoya y Pinilla de Buitrago,Madrid,396,municipio,media distancia (40-80 km)
11,oris,Orís,Barcelona,355,municipio,lejos (80+ km)
12,tavernoles,Tavèrnoles,Barcelona,354,municipio,lejos (80+ km)
12,sant-marti-sesgueioles,Sant Martí Sesgueioles,Barcelona,353,municipio,lejos (80+ km)
12,copons,Copons,Barcelona,352,municipio,media distancia (40-80 km)
12,lluca,Lluçà,Barcelona,281,municipio,lejos (80+ km)
12,l-espunyola,l'Espunyola,Barcelona,260,municipio,lejos (80+ km)
12,vallcebre,Vallcebre,Barcelona,260,municipio,lejos (80+ km)
12,argencola,Argençola,Barcelona,245,municipio,media distancia (40-80 km)
12,berzosa-del-lozoya,Berzosa del Lozoya,Madrid,242,municipio,media distancia (40-80 km)
12,mura,Mura,Barcelona,235,municipio,media distancia (40-80 km)
12,sant-julia-de-cerdanyola,Sant Julià de Cerdanyola,Barcelona,234,municipio,lejos (80+ km)
12,sora,Sora,Barcelona,225,municipio,lejos (80+ km)
12,santa-cecilia-de-voltrega,Santa Cecília de Voltregà,Barcelona,197,municipio,lejos (80+ km)
12,calonge-de-segarra,Calonge de Segarra,Barcelona,179,municipio,lejos (80+ km)
12,viver-i-serrateix,Viver i Serrateix,Barcelona,178,municipio,lejos (80+ km)
12,orpi,Orpí,Barcelona,175,municipio,media distancia (40-80 km)
13,veciana,Veciana,Barcelona,168,municipio,media distancia (40-80 km)
13,castellar-de-n-hug,Castellar de n'Hug,Barcelona,166,municipio,lejos (80+ km)
13,santa-maria-de-besora,Santa Maria de Besora,Barcelona,164,municipio,lejos (80+ km)
13,la-nou-de-bergueda,la Nou de Berguedà,Barcelona,163,municipio,lejos (80+ km)
13,castellfollit-de-riubregos,Castellfollit de Riubregós,Barcelona,153,municipio,lejos (80+ km)
13,castellar-del-riu,Castellar del Riu,Barcelona,151,municipio,lejos (80+ km)
13,santa-maria-de-miralles,Santa Maria de Miralles,Barcelona,144,municipio,media distancia (40-80 km)
13,sant-agusti-de-llucanes,Sant Agustí de Lluçanès,Barcelona,106,municipio,lejos (80+ km)
13,capolat,Capolat,Barcelona,93,municipio,lejos (80+ km)
13,sobremunt,Sobremunt,Barcelona,90,municipio,lejos (80+ km)
13,granera,Granera,Barcelona,84,municipio,media distancia (40-80 km)
13,la-quar,la Quar,Barcelona,41,municipio,lejos (80+ km)
13,figols,Fígols,Barcelona,40,municipio,lejos (80+ km)
13,gisclareny,Gisclareny,Barcelona,28,municipio,lejos (80+ km)
13,sant-jaume-de-frontanya,Sant Jaume de Frontanyà,Barcelona,25,municipio,lejos (80+ km)
14,vilaseca,Vilaseca,Barcelona,,núcleo de población,lejos (80+ km)
14,badalona,Badalona,Barcelona,231542,municipio,cerca (15-40 km)
14,parla,Parla,Madrid,137471,municipio,media distancia (40-80 km)
14,mataro,Mataró,Barcelona,131683,municipio,media distancia (40-80 km)
14,reus,Reus,Tarragona,111601,municipio,lejos (80+ km)
14,rivas-vaciamadrid,Rivas-Vaciamadrid,Madrid,103148,municipio,cerca (15-40 km)
14,las-rozas-de-madrid,Las Rozas de Madrid,Madrid,99037,municipio,cerca (15-40 km)
14,san-sebastian-de-los-reyes,San Sebastián de los Reyes,Madrid,96992,municipio,muy cerca (<15 km)
14,cornella-de-llobregat,Cornellà de Llobregat,Barcelona,92237,municipio,muy cerca (<15 km)
14,pozuelo-de-alarcon,Pozuelo de Alarcón,Madrid,89770,municipio,cerca (15-40 km)
14,valdemoro,Valdemoro,Madrid,85972,municipio,media distancia (40-80 km)
14,majadahonda,Majadahonda,Madrid,73625,municipio,cerca (15-40 km)
14,vilanova-i-la-geltru,Vilanova i la Geltrú,Barcelona,71641,municipio,cerca (15-40 km)
14,castelldefels,Castelldefels,Barcelona,70057,municipio,cerca (15-40 km)
14,viladecans,Viladecans,Barcelona,67587,municipio,muy cerca (<15 km)
15,collado-villalba,Collado-Villalba,Madrid,67274,municipio,media distancia (40-80 km)
15,boadilla-del-monte,Boadilla del Monte,Madrid,66349,municipio,cerca (15-40 km)
15,el-prat-de-llobregat,El Prat de Llobregat,Barcelona,66338,municipio,muy cerca (<15 km)
15,arganda-del-rey,Arganda del Rey,Madrid,60419,municipio,media distancia (40-80 km)
15,colmenar-viejo,Colmenar Viejo,Madrid,58730,municipio,cerca (15-40 km)
15,cerdanyola-del-valles,Cerdanyola del Vallès,Barcelona,58528,municipio,cerca (15-40 km)
15,pinto,Pinto,Madrid,56651,municipio,cerca (15-40 km)
15,tres-cantos,Tres Cantos,Madrid,54592,municipio,muy cerca (<15 km)
15,vic,Vic,Barcelona,50796,municipio,media distancia (40-80 km)
15,gava,Gavà,Barcelona,48243,municipio,muy cerca (<15 km)
15,ripollet,Ripollet,Barcelona,39897,municipio,cerca (15-40 km)
15,sant-adria-de-besos,Sant Adrià de Besòs,Barcelona,39323,municipio,cerca (15-40 km)
15,galapagar,Galapagar,Madrid,36758,municipio,media distancia (40-80 km)
15,azuqueca-de-henares,Azuqueca de Henares,Guadalajara,35924,municipio,media distancia (40-80 km)
15,navalcarnero,Navalcarnero,Madrid,33331,municipio,media distancia (40-80 km)
16,calafell,Calafell,Tarragona,32624,municipio,media distancia (40-80 km)
16,sitges,Sitges,Barcelona,32609,municipio,cerca (15-40 km)
16,pineda-de-mar,Pineda de Mar,Barcelona,30108,municipio,media distancia (40-80 km)
16,paracuellos-de-jarama,Paracuellos de Jarama,Madrid,27650,municipio,cerca (15-40 km)
16,sant-andreu-de-la-barca,Sant Andreu de la Barca,Barcelona,27094,municipio,muy cerca (<15 km)
16,ciempozuelos,Ciempozuelos,Madrid,26350,municipio,media distancia (40-80 km)
16,santa-perpetua-de-mogoda,Santa Perpètua de Mogoda,Barcelona,26130,municipio,cerca (15-40 km)
16,torrelodones,Torrelodones,Madrid,25433,municipio,cerca (15-40 km)
16,olesa-de-montserrat,Olesa de Montserrat,Barcelona,24966,municipio,cerca (15-40 km)
16,villanueva-de-la-canada,Villanueva de la Cañada,Madrid,24028,municipio,media distancia (40-80 km)
16,esparreguera,Esparreguera,Barcelona,22665,municipio,cerca (15-40 km)
16,manlleu,Manlleu,Barcelona,21425,municipio,lejos (80+ km)
16,algete,Algete,Madrid,21144,municipio,cerca (15-40 km)
16,sant-just-desvern,Sant Just Desvern,Barcelona,21037,municipio,muy cerca (<15 km)
16,calella,Calella,Barcelona,20864,municipio,media distancia (40-80 km)
17,sant-quirze-del-valles,Sant Quirze del Vallès,Barcelona,20209,municipio,cerca (15-40 km)
17,malgrat-de-mar,Malgrat de Mar,Barcelona,19714,municipio,media distancia (40-80 km)
17,cardedeu,Cardedeu,Barcelona,19046,municipio,media distancia (40-80 km)
17,tordera,Tordera,Barcelona,19039,municipio,media distancia (40-80 km)
17,sant-celoni,Sant Celoni,Barcelona,18977,municipio,media distancia (40-80 km)
17,parets-del-valles,Parets del Vallès,Barcelona,18885,municipio,cerca (15-40 km)
17,san-lorenzo-de-el-escorial,San Lorenzo de El Escorial,Madrid,18872,municipio,media distancia (40-80 km)
17,villanueva-del-pardillo,Villanueva del Pardillo,Madrid,18466,municipio,cerca (15-40 km)
17,piera,Piera,Barcelona,17880,municipio,cerca (15-40 km)
17,guadarrama,Guadarrama,Madrid,17547,municipio,media distancia (40-80 km)
17,berga,Berga,Barcelona,17473,municipio,lejos (80+ km)
17,canovelles,Canovelles,Barcelona,17473,municipio,media distancia (40-80 km)
17,la-garriga,la Garriga,Barcelona,17426,municipio,media distancia (40-80 km)
17,el-escorial,El Escorial,Madrid,17171,municipio,media distancia (40-80 km)
17,arenys-de-mar,Arenys de Mar,Barcelona,17042,municipio,media distancia (40-80 km)
18,llica-d-amunt,Lliçà d'Amunt,Barcelona,16540,municipio,media distancia (40-80 km)
18,meco,Meco,Madrid,15922,municipio,cerca (15-40 km)
18,alpedrete,Alpedrete,Madrid,15686,municipio,media distancia (40-80 km)
18,palau-solita-i-plegamans,Palau-solità i Plegamans,Barcelona,15614,municipio,cerca (15-40 km)
18,cuarte-de-huerva,Cuarte de Huerva,Zaragoza,15408,municipio,sin taller con dirección
18,canet-de-mar,Canet de Mar,Barcelona,15198,municipio,media distancia (40-80 km)
18,moralzarzal,Moralzarzal,Madrid,14772,municipio,media distancia (40-80 km)
18,alovera,Alovera,Guadalajara,14526,municipio,media distancia (40-80 km)
18,velilla-de-san-antonio,Velilla de San Antonio,Madrid,14468,municipio,cerca (15-40 km)
18,valdemorillo,Valdemorillo,Madrid,14420,municipio,media distancia (40-80 km)
18,casar-el,El Casar,Guadalajara,13962,municipio,cerca (15-40 km)
18,san-agustin-del-guadalix,San Agustín del Guadalix,Madrid,13825,municipio,cerca (15-40 km)
18,abrera,Abrera,Barcelona,13227,municipio,cerca (15-40 km)
18,castellbisbal,Castellbisbal,Barcelona,13061,municipio,cerca (15-40 km)
18,badia-del-valles,Badia del Vallès,Barcelona,13060,municipio,cerca (15-40 km)
19,vilanova-del-cami,Vilanova del Camí,Barcelona,12936,municipio,media distancia (40-80 km)
19,sant-andreu-de-llavaneres,Sant Andreu de Llavaneres,Barcelona,11938,municipio,media distancia (40-80 km)
19,cabanillas-del-campo,Cabanillas del Campo,Guadalajara,11572,municipio,media distancia (40-80 km)
19,brunete,Brunete,Madrid,11287,municipio,media distancia (40-80 km)
19,sant-joan-de-vilatorrada,Sant Joan de Vilatorrada,Barcelona,11133,municipio,media distancia (40-80 km)
19,daganzo-de-arriba,Daganzo de Arriba,Madrid,10764,municipio,cerca (15-40 km)
19,premia-de-dalt,Premià de Dalt,Barcelona,10632,municipio,cerca (15-40 km)
19,santa-margarida-de-montbui,Santa Margarida de Montbui,Barcelona,10631,municipio,media distancia (40-80 km)
19,alamo-el,El Álamo,Madrid,10594,municipio,media distancia (40-80 km)
19,sant-vicenc-de-castellet,Sant Vicenç de Castellet,Barcelona,10164,municipio,media distancia (40-80 km)
19,masquefa,Masquefa,Barcelona,10120,municipio,cerca (15-40 km)
19,palafolls,Palafolls,Barcelona,10038,municipio,media distancia (40-80 km)
19,molar-el,"Molar, El",Madrid,9999,municipio,cerca (15-40 km)
19,sevilla-la-nueva,Sevilla la Nueva,Madrid,9802,municipio,media distancia (40-80 km)
19,manzanares-el-real,Manzanares el Real,Madrid,9648,municipio,media distancia (40-80 km)
20,colmenarejo,Colmenarejo,Madrid,9640,municipio,media distancia (40-80 km)
20,soto-del-real,Soto del Real,Madrid,9400,municipio,cerca (15-40 km)
20,sant-fruitos-de-bages,Sant Fruitós de Bages,Barcelona,9333,municipio,media distancia (40-80 km)
20,hoyo-de-manzanares,Hoyo de Manzanares,Madrid,9310,municipio,media distancia (40-80 km)
20,montmelo,Montmeló,Barcelona,8886,municipio,media distancia (40-80 km)
20,el-boalo,El Boalo,Madrid,8770,municipio,cerca (15-40 km)
20,marchamalo,Marchamalo,Guadalajara,8714,municipio,media distancia (40-80 km)
20,polinya,Polinyà,Barcelona,8581,municipio,cerca (15-40 km)
20,tona,Tona,Barcelona,8527,municipio,media distancia (40-80 km)
20,gelida,Gelida,Barcelona,8198,municipio,cerca (15-40 km)
20,sant-esteve-sesrovires,Sant Esteve Sesrovires,Barcelona,8121,municipio,cerca (15-40 km)
20,almunia-de-dona-godina-la,"Almunia de Doña Godina, La",Zaragoza,8080,municipio,sin taller con dirección
20,santa-eulalia-de-roncana,Santa Eulàlia de Ronçana,Barcelona,7953,municipio,media distancia (40-80 km)
20,centelles,Centelles,Barcelona,7864,municipio,media distancia (40-80 km)
20,torres-de-la-alameda,Torres de la Alameda,Madrid,7824,municipio,cerca (15-40 km)
21,viladecavalls,Viladecavalls,Barcelona,7817,municipio,cerca (15-40 km)
21,santa-margarida-i-els-monjos,Santa Margarida i els Monjos,Barcelona,7806,municipio,media distancia (40-80 km)
21,cercedilla,Cercedilla,Madrid,7772,municipio,media distancia (40-80 km)
21,cabrils,Cabrils,Barcelona,7765,municipio,media distancia (40-80 km)
21,collado-mediano,Collado Mediano,Madrid,7722,municipio,media distancia (40-80 km)
21,cobena,Cobeña,Madrid,7670,municipio,cerca (15-40 km)
21,alagon,Alagón,Zaragoza,7532,municipio,sin taller con dirección
21,miraflores-de-la-sierra,Miraflores de la Sierra,Madrid,7350,municipio,media distancia (40-80 km)
21,cubas-de-la-sagra,Cubas de la Sagra,Madrid,7238,municipio,media distancia (40-80 km)
21,guadalix-de-la-sierra,Guadalix de la Sierra,Madrid,6993,municipio,media distancia (40-80 km)
21,llica-de-vall,Lliçà de Vall,Barcelona,6903,municipio,media distancia (40-80 km)
21,teia,Teià,Barcelona,6898,municipio,cerca (15-40 km)
21,taradell,Taradell,Barcelona,6854,municipio,media distancia (40-80 km)
21,moia,Moià,Barcelona,6828,municipio,lejos (80+ km)
21,sant-feliu-de-codines,Sant Feliu de Codines,Barcelona,6827,municipio,media distancia (40-80 km)
22,becerril-de-la-sierra,Becerril de la Sierra,Madrid,6737,municipio,media distancia (40-80 km)
22,sant-antoni-de-vilamajor,Sant Antoni de Vilamajor,Barcelona,6724,municipio,media distancia (40-80 km)
22,pedrezuela,Pedrezuela,Madrid,6606,municipio,cerca (15-40 km)
22,maria-de-huerva,María de Huerva,Zaragoza,6558,municipio,sin taller con dirección
22,puebla-de-alfinden-la,"Puebla de Alfindén, La",Zaragoza,6550,municipio,sin taller con dirección
22,yeles,Yeles,Toledo,6514,municipio,media distancia (40-80 km)
22,torrejon-del-rey,Torrejón del Rey,Guadalajara,6435,municipio,media distancia (40-80 km)
22,navarcles,Navarcles,Barcelona,6276,municipio,media distancia (40-80 km)
22,navas,Navàs,Barcelona,6238,municipio,media distancia (40-80 km)
22,artes,Artés,Barcelona,6225,municipio,media distancia (40-80 km)
22,esquivias,Esquivias,Toledo,5833,municipio,media distancia (40-80 km)
22,chinchon,Chinchón,Madrid,5800,municipio,media distancia (40-80 km)
22,yebes,Yebes,Guadalajara,5637,municipio,media distancia (40-80 km)
22,capellades,Capellades,Barcelona,5608,municipio,media distancia (40-80 km)
22,moraleja-de-enmedio,Moraleja de Enmedio,Madrid,5580,municipio,media distancia (40-80 km)
23,canyelles,Canyelles,Barcelona,5505,municipio,media distancia (40-80 km)
23,carranque,Carranque,Toledo,5469,municipio,media distancia (40-80 km)
23,pioz,Pioz,Guadalajara,5261,municipio,media distancia (40-80 km)
23,real-sitio-de-san-ildefonso,Real Sitio de San Ildefonso,Segovia,5217,municipio,media distancia (40-80 km)
23,torrelaguna,Torrelaguna,Madrid,5081,municipio,media distancia (40-80 km)
23,sant-pere-de-vilamajor,Sant Pere de Vilamajor,Barcelona,5074,municipio,media distancia (40-80 km)
23,cabrera-de-mar,Cabrera de Mar,Barcelona,5045,municipio,media distancia (40-80 km)
23,martorelles,Martorelles,Barcelona,4992,municipio,cerca (15-40 km)
23,ajalvir,Ajalvir,Madrid,4868,municipio,cerca (15-40 km)
23,molinos-los,Los Molinos,Madrid,4781,municipio,media distancia (40-80 km)
23,yunquera-de-henares,Yunquera de Henares,Guadalajara,4706,municipio,media distancia (40-80 km)
23,valdeolmos-alalpardo,Valdeolmos-Alalpardo,Madrid,4626,municipio,cerca (15-40 km)
23,talamanca-de-jarama,Talamanca de Jarama,Madrid,4607,municipio,cerca (15-40 km)
23,puig-reig,Puig-reig,Barcelona,4565,municipio,lejos (80+ km)
23,olivella,Olivella,Barcelona,4435,municipio,media distancia (40-80 km)
24,casarrubuelos,Casarrubuelos,Madrid,4323,municipio,media distancia (40-80 km)
24,la-bisbal-del-penedes,la Bisbal del Penedès,Tarragona,4278,municipio,media distancia (40-80 km)
24,castellbell-i-el-vilar,Castellbell i el Vilar,Barcelona,4159,municipio,media distancia (40-80 km)
24,la-torre-de-claramunt,la Torre de Claramunt,Barcelona,4158,municipio,media distancia (40-80 km)
24,chiloeches,Chiloeches,Guadalajara,4117,municipio,media distancia (40-80 km)
24,balenya,Balenyà,Barcelona,4021,municipio,media distancia (40-80 km)
24,olerdola,Olèrdola,Barcelona,3945,municipio,media distancia (40-80 km)
24,seva,Seva,Barcelona,3808,municipio,media distancia (40-80 km)
24,sant-hipolit-de-voltrega,Sant Hipòlit de Voltregà,Barcelona,3666,municipio,lejos (80+ km)
24,sant-salvador-de-guardiola,Sant Salvador de Guardiola,Barcelona,3612,municipio,media distancia (40-80 km)
24,villaconejos,Villaconejos,Madrid,3569,municipio,media distancia (40-80 km)
24,sant-marti-sarroca,Sant Martí Sarroca,Barcelona,3485,municipio,media distancia (40-80 km)
24,uceda,Uceda,Guadalajara,3400,municipio,media distancia (40-80 km)
24,canoves-i-samalus,Cànoves i Samalús,Barcelona,3399,municipio,media distancia (40-80 km)
24,banyeres-del-penedes,Banyeres del Penedès,Tarragona,3395,municipio,media distancia (40-80 km)
25,balsareny,Balsareny,Barcelona,3380,municipio,media distancia (40-80 km)
25,les-masies-de-voltrega,les Masies de Voltregà,Barcelona,3345,municipio,lejos (80+ km)
25,navacerrada,Navacerrada,Madrid,3311,municipio,media distancia (40-80 km)
25,subirats,Subirats,Barcelona,3288,municipio,cerca (15-40 km)
25,vallgorguina,Vallgorguina,Barcelona,3261,municipio,media distancia (40-80 km)
25,perales-de-tajuna,Perales de Tajuña,Madrid,3260,municipio,media distancia (40-80 km)
25,els-hostalets-de-pierola,els Hostalets de Pierola,Barcelona,3258,municipio,cerca (15-40 km)
25,navalagamella,Navalagamella,Madrid,3169,municipio,media distancia (40-80 km)
25,la-palma-de-cervello,la Palma de Cervelló,Barcelona,3056,municipio,cerca (15-40 km)
25,mondejar,Mondéjar,Guadalajara,2918,municipio,media distancia (40-80 km)
25,villamanta,Villamanta,Madrid,2899,municipio,media distancia (40-80 km)
25,cabrera-la,La Cabrera,Madrid,2889,municipio,media distancia (40-80 km)
25,bustarviejo,Bustarviejo,Madrid,2870,municipio,media distancia (40-80 km)
25,sant-jaume-dels-domenys,Sant Jaume dels Domenys,Tarragona,2819,municipio,media distancia (40-80 km)
25,vallromanes,Vallromanes,Barcelona,2778,municipio,cerca (15-40 km)
26,castellet-i-la-gornal,Castellet i la Gornal,Barcelona,2776,municipio,media distancia (40-80 km)
26,prats-de-llucanes,Prats de Lluçanès,Barcelona,2761,municipio,lejos (80+ km)
26,castelltercol,Castellterçol,Barcelona,2754,municipio,media distancia (40-80 km)
26,mediona,Mediona,Barcelona,2658,municipio,media distancia (40-80 km)
26,fontanar,Fontanar,Guadalajara,2630,municipio,media distancia (40-80 km)
26,sant-llorenc-d-hortons,Sant Llorenç d'Hortons,Barcelona,2627,municipio,cerca (15-40 km)
26,venturada,Venturada,Madrid,2622,municipio,cerca (15-40 km)
26,sant-pere-de-torello,Sant Pere de Torelló,Barcelona,2596,municipio,lejos (80+ km)
26,aiguafreda,Aiguafreda,Barcelona,2569,municipio,media distancia (40-80 km)
26,sant-pere-de-riudebitlles,Sant Pere de Riudebitlles,Barcelona,2516,municipio,media distancia (40-80 km)
26,carabana,Carabaña,Madrid,2451,municipio,media distancia (40-80 km)
26,llorenc-del-penedes,Llorenç del Penedès,Tarragona,2425,municipio,media distancia (40-80 km)
26,la-pobla-de-claramunt,la Pobla de Claramunt,Barcelona,2350,municipio,media distancia (40-80 km)
26,villar-del-olmo,Villar del Olmo,Madrid,2341,municipio,media distancia (40-80 km)
26,l-esquirol,L'Esquirol,Barcelona,2301,municipio,lejos (80+ km)
27,el-bruc,el Bruc,Barcelona,2290,municipio,media distancia (40-80 km)
27,la-granada,la Granada,Barcelona,2287,municipio,media distancia (40-80 km)
27,vellon-el,El Vellón,Madrid,2281,municipio,cerca (15-40 km)
27,avia,Avià,Barcelona,2267,municipio,lejos (80+ km)
27,callus,Callús,Barcelona,2180,municipio,media distancia (40-80 km)
27,castellvi-de-rosanes,Castellví de Rosanes,Barcelona,2171,municipio,cerca (15-40 km)
27,ullastrell,Ullastrell,Barcelona,2171,municipio,cerca (15-40 km)
27,sant-quirze-de-besora,Sant Quirze de Besora,Barcelona,2164,municipio,lejos (80+ km)
27,olesa-de-bonesvalls,Olesa de Bonesvalls,Barcelona,2135,municipio,cerca (15-40 km)
27,sant-vicenc-de-torello,Sant Vicenç de Torelló,Barcelona,2117,municipio,lejos (80+ km)
27,colmenar-del-arroyo,Colmenar del Arroyo,Madrid,2044,municipio,media distancia (40-80 km)
27,buitrago-del-lozoya,Buitrago del Lozoya,Madrid,2034,municipio,media distancia (40-80 km)
27,el-montmell,el Montmell,Tarragona,1958,municipio,media distancia (40-80 km)
27,zarzalejo,Zarzalejo,Madrid,1946,municipio,media distancia (40-80 km)
27,fresnedillas-de-la-oliva,Fresnedillas de la Oliva,Madrid,1883,municipio,media distancia (40-80 km)
28,avinyonet-del-penedes,Avinyonet del Penedès,Barcelona,1782,municipio,cerca (15-40 km)
28,pozo-de-guadalajara,Pozo de Guadalajara,Guadalajara,1739,municipio,media distancia (40-80 km)
28,rascafria,Rascafría,Madrid,1704,municipio,media distancia (40-80 km)
28,navalafuente,Navalafuente,Madrid,1693,municipio,media distancia (40-80 km)
28,villamantilla,Villamantilla,Madrid,1660,municipio,media distancia (40-80 km)
28,loranca-de-tajuna,Loranca de Tajuña,Guadalajara,1624,municipio,media distancia (40-80 km)
28,fonollosa,Fonollosa,Barcelona,1570,municipio,lejos (80+ km)
28,sant-iscle-de-vallalta,Sant Iscle de Vallalta,Barcelona,1477,municipio,media distancia (40-80 km)
28,castellnou-de-bages,Castellnou de Bages,Barcelona,1473,municipio,media distancia (40-80 km)
28,valdeaveruelo,Valdeaveruelo,Guadalajara,1317,municipio,media distancia (40-80 km)
28,sant-marti-de-tous,Sant Martí de Tous,Barcelona,1269,municipio,media distancia (40-80 km)
28,sant-marti-de-centelles,Sant Martí de Centelles,Barcelona,1263,municipio,media distancia (40-80 km)
28,figaro-montmany,Figaró-Montmany,Barcelona,1195,municipio,media distancia (40-80 km)
28,torremocha-de-jarama,Torremocha de Jarama,Madrid,1157,municipio,media distancia (40-80 km)
28,vilobi-del-penedes,Vilobí del Penedès,Barcelona,1154,municipio,media distancia (40-80 km)
29,valdelaguna,Valdelaguna,Madrid,1122,municipio,media distancia (40-80 km)
29,la-pobla-de-lillet,la Pobla de Lillet,Barcelona,1105,municipio,lejos (80+ km)
29,valdemanco,Valdemanco,Madrid,1097,municipio,media distancia (40-80 km)
29,les-cabanyes,les Cabanyes,Barcelona,1060,municipio,media distancia (40-80 km)
29,sant-cugat-sesgarrigues,Sant Cugat Sesgarrigues,Barcelona,1038,municipio,media distancia (40-80 km)
29,pezuela-de-las-torres,Pezuela de las Torres,Madrid,1008,municipio,media distancia (40-80 km)
29,guardiola-de-bergueda,Guardiola de Berguedà,Barcelona,964,municipio,lejos (80+ km)
29,cabanillas-de-la-sierra,Cabanillas de la Sierra,Madrid,961,municipio,media distancia (40-80 km)
29,la-llacuna,la Llacuna,Barcelona,959,municipio,media distancia (40-80 km)
29,sant-bartomeu-del-grau,Sant Bartomeu del Grau,Barcelona,933,municipio,lejos (80+ km)
29,pacs-del-penedes,Pacs del Penedès,Barcelona,932,municipio,media distancia (40-80 km)
29,olvan,Olvan,Barcelona,924,municipio,lejos (80+ km)
29,corpa,Corpa,Madrid,832,municipio,media distancia (40-80 km)
29,arroyomolinos,Arroyomolinos,Madrid,816,municipio,lejos (80+ km)
29,berrueco-el,El Berrueco,Madrid,795,municipio,media distancia (40-80 km)
30,vilalba-sasserra,Vilalba Sasserra,Barcelona,794,municipio,media distancia (40-80 km)
30,puentes-viejas,Puentes Viejas,Madrid,759,municipio,media distancia (40-80 km)
30,castelloli,Castellolí,Barcelona,669,municipio,media distancia (40-80 km)
30,sant-quirze-safaja,Sant Quirze Safaja,Barcelona,663,municipio,media distancia (40-80 km)
30,sant-mateu-de-bages,Sant Mateu de Bages,Barcelona,641,municipio,lejos (80+ km)
30,sant-feliu-sasserra,Sant Feliu Sasserra,Barcelona,633,municipio,lejos (80+ km)
30,fuentenovilla,Fuentenovilla,Guadalajara,621,municipio,media distancia (40-80 km)
30,patones,Patones,Madrid,617,municipio,media distancia (40-80 km)
30,valdepielagos,Valdepiélagos,Madrid,612,municipio,cerca (15-40 km)
30,sant-boi-de-llucanes,Sant Boi de Lluçanès,Barcelona,602,municipio,lejos (80+ km)
30,lozoya,Lozoya,Madrid,598,municipio,media distancia (40-80 km)
30,els-prats-de-rei,els Prats de Rei,Barcelona,554,municipio,media distancia (40-80 km)
30,pontons,Pontons,Barcelona,516,municipio,media distancia (40-80 km)
30,canencia,Canencia,Madrid,475,municipio,media distancia (40-80 km)
30,montmajor,Montmajor,Barcelona,473,municipio,lejos (80+ km)
31,castellfollit-del-boix,Castellfollit del Boix,Barcelona,467,municipio,media distancia (40-80 km)
31,garganta-de-los-montes,Garganta de los Montes,Madrid,441,municipio,media distancia (40-80 km)
31,vilada,Vilada,Barcelona,432,municipio,lejos (80+ km)
31,aranzueque,Aranzueque,Guadalajara,411,municipio,media distancia (40-80 km)
31,collsuspina,Collsuspina,Barcelona,391,municipio,media distancia (40-80 km)
31,l-estany,l'Estany,Barcelona,390,municipio,lejos (80+ km)
31,montseny,Montseny,Barcelona,388,municipio,media distancia (40-80 km)
31,santa-fe-del-penedes,Santa Fe del Penedès,Barcelona,365,municipio,media distancia (40-80 km)
31,valdenuno-fernandez,Valdenuño Fernández,Guadalajara,359,municipio,media distancia (40-80 km)
31,tagamanent,Tagamanent,Barcelona,328,municipio,media distancia (40-80 km)
31,vilanova-de-sau,Vilanova de Sau,Barcelona,325,municipio,lejos (80+ km)
31,marganell,Marganell,Barcelona,309,municipio,media distancia (40-80 km)
31,saldes,Saldes,Barcelona,302,municipio,lejos (80+ km)
31,el-brull,el Brull,Barcelona,296,municipio,lejos (80+ km)
31,aguilar-de-segarra,Aguilar de Segarra,Barcelona,292,municipio,lejos (80+ km)
32,reduena,Redueña,Madrid,288,municipio,media distancia (40-80 km)
32,malla,Malla,Barcelona,285,municipio,media distancia (40-80 km)
32,rupit-i-pruit,Rupit i Pruit,Barcelona,280,municipio,lejos (80+ km)
32,alameda-del-valle,Alameda del Valle,Madrid,267,municipio,media distancia (40-80 km)
32,rubio,Rubió,Barcelona,225,municipio,media distancia (40-80 km)
32,malaguilla,Malaguilla,Guadalajara,218,municipio,media distancia (40-80 km)
32,talamanca,Talamanca,Barcelona,209,municipio,media distancia (40-80 km)
32,pujalt,Pujalt,Barcelona,204,municipio,lejos (80+ km)
32,pinilla-del-valle,Pinilla del Valle,Madrid,200,municipio,media distancia (40-80 km)
32,robledillo-de-mohernando,Robledillo de Mohernando,Guadalajara,200,municipio,media distancia (40-80 km)
32,mohernando,Mohernando,Guadalajara,190,municipio,media distancia (40-80 km)
32,malaga-del-fresno,Málaga del Fresno,Guadalajara,187,municipio,media distancia (40-80 km)
32,montmaneu,Montmaneu,Barcelona,181,municipio,media distancia (40-80 km)
32,vinuelas,Viñuelas,Guadalajara,181,municipio,media distancia (40-80 km)
32,santa-maria-de-merles,Santa Maria de Merlès,Barcelona,179,municipio,lejos (80+ km)
33,sant-pere-sallavinera,Sant Pere Sallavinera,Barcelona,177,municipio,lejos (80+ km)
33,gaia,Gaià,Barcelona,172,municipio,lejos (80+ km)
33,gallifa,Gallifa,Barcelona,171,municipio,media distancia (40-80 km)
33,cervera-de-buitrago,Cervera de Buitrago,Madrid,165,municipio,media distancia (40-80 km)
33,sagas,Sagàs,Barcelona,154,municipio,lejos (80+ km)
33,valdepenas-de-la-sierra,Valdepeñas de la Sierra,Guadalajara,151,municipio,media distancia (40-80 km)
33,sant-marti-d-albars,Sant Martí d'Albars,Barcelona,135,municipio,lejos (80+ km)
33,montclar,Montclar,Barcelona,132,municipio,lejos (80+ km)
33,casa-de-uceda,Casa de Uceda,Guadalajara,128,municipio,media distancia (40-80 km)
33,tavertet,Tavertet,Barcelona,128,municipio,lejos (80+ km)
33,fuentelahiguera-de-albatages,Fuentelahiguera de Albatages,Guadalajara,121,municipio,media distancia (40-80 km)
33,cubillo-de-uceda-el,El Cubillo de Uceda,Guadalajara,120,municipio,media distancia (40-80 km)
33,robledillo-de-la-jara,Robledillo de la Jara,Madrid,118,municipio,media distancia (40-80 km)
33,matarrubia,Matarrubia,Guadalajara,99,municipio,media distancia (40-80 km)
33,sant-sadurni-d-osormort,Sant Sadurní d'Osormort,Barcelona,89,municipio,lejos (80+ km)
34,bellprat,Bellprat,Barcelona,69,municipio,media distancia (40-80 km)
34,castell-de-l-areny,Castell de l'Areny,Barcelona,68,municipio,lejos (80+ km)
34,valdarachas,Valdarachas,Guadalajara,67,municipio,media distancia (40-80 km)
34,villaseca-de-uceda,Villaseca de Uceda,Guadalajara,59,municipio,media distancia (40-80 km)
34,ciudad-lineal,Ciudad Lineal,Madrid,,distrito,muy cerca (<15 km)
34,el-goloso,El Goloso,Madrid,,barrio,muy cerca (<15 km)
34,las-matas,Las Matas,Madrid,,barrio,cerca (15-40 km)
34,llefia,Llefià,Barcelona,,barrio,cerca (15-40 km)
35,mostoles,Móstoles,Madrid,214817,municipio,media distancia (40-80 km)
35,tarragona,Tarragona,Tarragona,143649,municipio,lejos (80+ km)
35,chamartin,Chamartín,Madrid,,distrito,muy cerca (<15 km)
35,alcala-de-henares,Alcalá de Henares,Madrid,203208,municipio,cerca (15-40 km)
35,leganes,Leganés,Madrid,195734,municipio,cerca (15-40 km)
35,getafe,Getafe,Madrid,193238,municipio,cerca (15-40 km)
35,fuenlabrada,Fuenlabrada,Madrid,190076,municipio,media distancia (40-80 km)
35,alcorcon,Alcorcón,Madrid,175719,municipio,cerca (15-40 km)
35,lleida,Lleida,Lleida,146266,municipio,lejos (80+ km)
